{"cameraMode":{"drawMode":0,"name":"Shaded","section":"Shading Mode"},"sceneLighting":true,"audioPlay":false,"sceneViewState":{"m_AlwaysRefresh":true,"showFog":true,"showSkybox":true,"showFlares":true,"showImageEffects":true,"showParticleSystems":true,"showVisualEffectGraphs":true,"m_FxEnabled":true},"in2DMode":false,"pivot":{"x":15.874091148376465,"y":-7.923271656036377,"z":2.5018138885498049},"rotation":{"x":0.2118220329284668,"y":0.6989470720291138,"z":-0.22867520153522492,"w":0.6440832614898682},"size":11.925186157226563,"orthographic":false}