{"cameraMode":{"drawMode":0,"name":"Shaded","section":"Shading Mode"},"sceneLighting":false,"audioPlay":false,"sceneViewState":{"m_AlwaysRefresh":false,"showFog":true,"showSkybox":false,"showFlares":true,"showImageEffects":true,"showParticleSystems":true,"showVisualEffectGraphs":true,"m_FxEnabled":true},"in2DMode":false,"pivot":{"x":248.9610595703125,"y":387.138427734375,"z":851.3490600585938},"rotation":{"x":0.06477967649698258,"y":-0.034968286752700809,"z":0.0036343636456876995,"w":0.9974281191825867},"size":1304.360595703125,"orthographic":false}